{
	"classic": {
		"cubemaps": [
			{
				"cubemapId": "juneplus:panoramas/one/panorama"
			}
		]
	},
	"ocean": {
		"cubemaps": [
			{
				"cubemapId": "juneplus:panoramas/two/panorama"
			}
		]
	},
	"bees": {
		"cubemaps": [
			{
				"cubemapId": "juneplus:panoramas/three/panorama"
			}
		]
	},
	"village": {
		"cubemaps": [
			{
				"cubemapId": "juneplus:panoramas/four/panorama"
			}
		]
	},
	"hell": {
		"cubemaps": [
			{
				"cubemapId": "juneplus:panoramas/five/panorama"
			}
		]
	}
}
