{
	"credit": "Made with Blockbench",
	"parent": "minecraft:item/generated",
	"textures": {
		"layer0": "item/painting_fire"
	},
	"overrides": [
		{"predicate": {"custom_model_data": 1}, "model": "minecraft:item/painting_kebab"}
	],
	"display": {
		"thirdperson_righthand": {
			"translation": [0, 3, 1],
			"scale": [0.55, 0.55, 0.55]
		},
		"thirdperson_lefthand": {
			"translation": [0, 3, 1],
			"scale": [0.55, 0.55, 0.55]
		},
		"firstperson_righthand": {
			"rotation": [0, -90, 25],
			"translation": [1.13, 3.2, 1.13],
			"scale": [0.68, 0.68, 0.68]
		},
		"firstperson_lefthand": {
			"rotation": [0, -90, 25],
			"translation": [1.13, 3.2, 1.13],
			"scale": [0.68, 0.68, 0.68]
		},
		"ground": {
			"translation": [0, 2, 0],
			"scale": [0.5, 0.5, 0.5]
		},
		"head": {
			"rotation": [0, 180, 0],
			"translation": [0, 13, 7]
		},
		"fixed": {
			"rotation": [0, 180, 0]
		}
	}
}