{
  "parent": "minecraft:item/generated",
  "textures": {
    "layer0": "minecraft:item/painting"
	},
    "overrides": 
	[
		{
            "predicate": 
			{
			"custom_model_data": 1
			},
			"model": "minecraft:item/painting_kebab"
		},
		{
            "predicate": 
			{
			"custom_model_data": 2
			},
			"model": "minecraft:item/painting_aztec"
		},
		{
            "predicate": 
			{
			"custom_model_data": 3
			},
			"model": "minecraft:item/painting_alban"
		},
		{
            "predicate": 
			{
			"custom_model_data": 4
			},
			"model": "minecraft:item/painting_aztec2"
		},
		{
            "predicate": 
			{
			"custom_model_data": 5
			},
			"model": "minecraft:item/painting_bomb"
		},
		{
            "predicate": 
			{
			"custom_model_data": 6
			},
			"model": "minecraft:item/painting_plant"
		},
		{
            "predicate": 
			{
			"custom_model_data": 7
			},
			"model": "minecraft:item/painting_wasteland"
		},
		{
            "predicate": 
			{
			"custom_model_data": 8
			},
			"model": "minecraft:item/painting_wanderer"
		},
		{
            "predicate": 
			{
			"custom_model_data": 9
			},
			"model": "minecraft:item/painting_graham"
		},
		{
            "predicate": 
			{
			"custom_model_data": 10
			},
			"model": "minecraft:item/painting_pool"
		},
		{
            "predicate": 
			{
			"custom_model_data": 11
			},
			"model": "minecraft:item/painting_courbet"
		},
		{
            "predicate": 
			{
			"custom_model_data": 12
			},
			"model": "minecraft:item/painting_sea"
		},
		{
            "predicate": 
			{
			"custom_model_data": 13
			},
			"model": "minecraft:item/painting_sunset"
		},
		{
            "predicate": 
			{
			"custom_model_data": 14
			},
			"model": "minecraft:item/painting_creebet"
		},
		{
            "predicate": 
			{
			"custom_model_data": 15
			},
			"model": "minecraft:item/painting_match"
		},
		{
            "predicate": 
			{
			"custom_model_data": 16
			},
			"model": "minecraft:item/painting_bust"
		},
		{
            "predicate": 
			{
			"custom_model_data": 17
			},
			"model": "minecraft:item/painting_stage"
		},
		{
            "predicate": 
			{
			"custom_model_data": 18
			},
			"model": "minecraft:item/painting_void"
		},
		{
            "predicate": 
			{
			"custom_model_data": 19
			},
		    "model": "minecraft:item/painting_skull_and_roses"
		},
		{
            "predicate": 
			{
			"custom_model_data": 20
			},
			"model": "minecraft:item/painting_wither"
		},
		{
            "predicate": 
			{
			"custom_model_data": 21
			},
			"model": "minecraft:item/painting_fighters"
		},
		{
            "predicate": 
			{
			"custom_model_data": 22
			},
			"model": "minecraft:item/painting_skeleton"
		},
		{
            "predicate": 
			{
			"custom_model_data": 23
			},
			"model": "minecraft:item/painting_donkey_kong"
		},
		{
            "predicate": 
			{
			"custom_model_data": 24
			},
			"model": "minecraft:item/painting_pointer"
		},
		{
            "predicate": 
			{
			"custom_model_data": 25
			},
			"model": "minecraft:item/painting_pigscene"
		},
		{
            "predicate": 
			{
			"custom_model_data": 26
			},
			"model": "minecraft:item/painting_burning_skull"
		},
		{
            "predicate": 
			{
			"custom_model_data": 27
			},
			"model": "minecraft:item/painting_earth"
		},
		{
            "predicate": 
			{
			"custom_model_data": 28
			},
			"model": "minecraft:item/painting_wind"
		},
		{
            "predicate": 
			{
			"custom_model_data": 29
			},
			"model": "minecraft:item/painting_water"
		},
		{
            "predicate": 
			{
			"custom_model_data": 30
			},
			"model": "minecraft:item/painting_fire"
		},
		{
            "predicate": 
			{
			"custom_model_data": 31
			},
			"model": "minecraft:item/painting_meditative"
		},
		{
            "predicate": 
			{
			"custom_model_data": 32
			},
			"model": "minecraft:item/painting_prairie_ride"
		},
		{
            "predicate": 
			{
			"custom_model_data": 33
			},
			"model": "minecraft:item/painting_baroque"
		},
		{
            "predicate": 
			{
			"custom_model_data": 34
			},
			"model": "minecraft:item/painting_humble"
		},
		{
            "predicate": 
			{
			"custom_model_data": 35
			},
			"model": "minecraft:item/painting_changing"
		},
		{
            "predicate": 
			{
			"custom_model_data": 36
			},
			"model": "minecraft:item/painting_finding"
		},
		{
            "predicate": 
			{
			"custom_model_data": 37
			},
			"model": "minecraft:item/painting_lowmist"
		},
		{
            "predicate": 
			{
			"custom_model_data": 38
			},
			"model": "minecraft:item/painting_passage"
		},
		{
            "predicate": 
			{
			"custom_model_data": 39
			},
			"model": "minecraft:item/painting_bouquet"
		},
		{
            "predicate": 
			{
			"custom_model_data": 40
			},
			"model": "minecraft:item/painting_cavebird"
		},
		{
            "predicate": 
			{
			"custom_model_data": 41
			},
			"model": "minecraft:item/painting_cotan"
		},
		{
            "predicate": 
			{
			"custom_model_data": 42
			},
			"model": "minecraft:item/painting_endboss"
		},
		{
            "predicate": 
			{
			"custom_model_data": 43
			},
			"model": "minecraft:item/painting_fern"
		},
		{
            "predicate": 
			{
			"custom_model_data": 44
			},
			"model": "minecraft:item/painting_owlemons"
		},
		{
            "predicate": 
			{
			"custom_model_data": 45
			},
			"model": "minecraft:item/painting_sunflowers"
		},
		{
            "predicate": 
			{
			"custom_model_data": 46
			},
			"model": "minecraft:item/painting_tides"
		},
		{
            "predicate": 
			{
			"custom_model_data": 47
			},
			"model": "minecraft:item/painting_backyard"
		},
		{
            "predicate": 
			{
			"custom_model_data": 48
			},
			"model": "minecraft:item/painting_pond"
		},
		{
            "predicate": 
			{
			"custom_model_data": 49
			},
			"model": "minecraft:item/painting_orb"
		},
		{
            "predicate": 
			{
			"custom_model_data": 50
			},
			"model": "minecraft:item/painting_unpacked"
		}
	]
}